Class,Rules
age,bulli old year
age,bulli girl high like look school
age,act bulli like school
age,bulli dont know school
age,back go
age,bulli didnt girl high like
age,bulli dont girl high like
age,bulli girl high like mean
age,bulli girl high like school would
age,bulli day one school
age,bulli girl got high one school
age,bulli girl high like peopl school
age,bulli one school time
age,bulli feel like school
age,bulli get school tri
age,bulli friend got school
age,bulli girl high pretti school
age,bulli get girl high one
age,bulli go im school
age,bulli girl like mean school
age,bulli girl high im like school
age,bulli girl high school told
age,bulli girl grade high school
age,bulli girl hair high school
age,bulli girl high school white
age,bulli girl high like year
age,bulli girl high school wear
age,bulli girl high middl school
age,bulli got school year
age,bc bulli girl high school
age,bulli girl high school start
age,bulli everi girl high school
age,bulli f*t girl high
age,bulli class girl high school
age,bulli girl high school went
age,bulli girl high rememb school
age,bulli girl got high like school
age,black bulli girl high school
age,bulli girl group high school
age,bulli girl happen high school
age,bulli girl high kind school
age,bulli girl high school tell
age,bad bulli girl high school
age,bulli girl high school thought
age,bulli girl high mean school
age,bulli friend girl high like
age,bulli get girl high like school
age,bulli girl high ugli
age,bulli girl high post school
age,bulli girl high love school
age,amp bulli girl high school
age,b***h bulli girl high school
age,bulli girl high school wasnt
age,boy bulli girl high school
age,bulli girl high mom school
age,bulli girl high two
age,bulli girl high school thing
age,bulli girl high school still
age,bulli girl high liter school
age,bulli like s**t school
age,bulli girl high realli school
age,ask bulli girl high school
age,dont kid
age,bulli didnt girl high school
age,bulli girl high school year
age,bulli girl high lol school
age,bulli girl high l**o
age,bulli dont peopl school
age,bulli didnt high like school
age,bulli girl high ive school
age,bulli girl high made school
age,bulli friend girl high school
age,bulli ever girl high school
age,alway bulli girl high school
age,bulli dont get school
age,bulli girl high school talk
age,bulli g*y girl high
age,bulli girl hate high school
age,bulli girl high school shes
age,bulli girl high life school
age,bulli girl high much school
age,bulli girl high like one school
age,bulli everyon girl high school
age,bulli girl high make school
age,also bulli girl high school
age,bulli girl high lot school
age,bulli day girl high school
age,bulli girl high said school
age,bulli girl high never school
age,bulli girl high school stop
age,bulli girl high s**t school
age,bulli girl guy high school
age,bulli girl go high school
age,bulli girl high school see
age,bulli call girl high school
age,bulli f**k high like
age,bulli even girl high school
age,bulli girl high take
age,bulli girl high know school
age,bulli girl high school think
age,back bulli girl high school
age,bulli girl high say school
age,bulli girl high school time
age,date high school
age,bulli feel girl high school
age,bulli come girl high
age,bulli girl high school someon
age,bulli f*t girl school
age,bulli f**k girl high school
age,bulli girl high name
age,bulli date high
age,bulli girl high school tri
age,bulli girl high school want
age,bulli girl high school yall
age,bulli get kid school
age,bulli girl school weird
age,bulli girl high need
age,bulli girl high your
age,bulli friend one school
age,bulli girl high that
age,bulli girl good high school
age,bulli girl high school way
age,bulli dont girl high school
age,bulli girl high kid school
age,bulli cant girl high school
age,bulli one school year
age,bulli dont high like school
age,bulli girl school ugli
age,bulli like made school
age,bulli get got high
age,bulli everi like school
age,bulli get high im
age,bulli got middl school
age,bulli kid one school
age,bulli girl l**o school
age,bulli guy like school
age,bulli girl high school use
age,bulli everyon like
age,bulli like realli school
age,bulli f*t high school
age,bulli friend high like school
age,bulli girl stori
age,get go school
age,bulli g*y girl school
age,alway bulli like
age,bulli one school would
age,bulli one peopl school
age,bulli get go
age,bulli high school weird
age,bulli like thing
age,bulli girl like middl school
age,bulli high like school year
age,bulli f**k like school
age,bulli get high one school
age,bulli g*y high school
age,bulli high saw
age,bulli high school ugli
age,bulli like never school
age,bulli like school think
age,bulli high l**o school
age,bulli like school see
age,bulli high school two
age,bulli high probabl school
age,bulli im peopl school
age,bulli like make school
age,back bulli like school
age,best bulli girl
age,bulli like school time
age,bulli like school want
age,bulli get got school
age,bulli know like school
age,bulli get peopl school
age,best bulli high
age,bulli kid like school
age,bulli fun high
age,bulli get im school
age,bulli like school tri
age,better bulli high school
age,bulli fight school
age,bulli girl watch
age,bulli other school
age,bulli id school
age,bulli like school use
age,bulli doesnt school
age,bulli public school
age,bulli real school
age,bulli h**l school
age,bulli point school
age,bulli school seem
age,bulli high play
age,bulli last school
age,bulli school sinc
age,bulli lie school
age,bulli school wanna
age,bulli end high school
age,bulli school twitter
age,bulli like say school
age,bulli school yeah
age,bulli gonna school
age,beat bulli school
age,becom bulli high
age,bulli isnt school
age,becom bulli school
age,bulli school theyr
age,bulli reason school
age,bulli school sound
age,bulli children school
age,bulli pick school
age,bulli school sure
age,bulli help school
age,big high
age,actual bulli high school
age,bulli cool school
age,bulli differ school
age,bulli school turn
age,bulli girl person
age,bulli nice school
age,bulli high school take
age,bulli girl parent
age,bulli high mani
age,bulli school social
age,bulli left school
age,bulli put school
age,bulli school sorri
age,bulli girl live
age,bulli head school
age,bulli high school your
age,bulli high teacher
age,bulli girl let
age,act bulli high school
age,attack bulli
age,bulli high school work
age,bulli play school
age,bulli could high
age,bulli money
age,actual bulli girl
age,act bulli girl
age,bulli girl name school
age,bulli girl need school
age,bulli girl school show
age,bulli girl school take
age,bulli chang school
age,bulli girl school your
age,anyon bulli school
age,bulli high need school
age,bulli high old school
age,bulli fun school
age,bulli funni school
age,bulli first high school
age,bulli high right school
age,bulli come high school
age,bulli high school show
age,bulli high person school
age,bulli high let school
age,bulli high live school
age,bulli school stori
age,bulli face school
age,bulli caus school
age,bulli mental school
age,bulli go like school
age,bulli school someth
age,away bulli school
age,bulli run school
age,bulli hope school
age,bulli school whole
age,bulli school trump
age,bulli date school
age,bulli could school
age,bulli hard school
age,bulli mani school
age,famili school
age,bulli noth school
age,big bulli school
age,bulli man school
age,bulli hes school
age,bulli home school
age,bulli keep school
age,bulli oh school
age,bulli care school
age,bulli school yes
age,bulli follow school
age,bulli high school that
age,believ bulli school
age,bulli k**l school
age,a*s bulli school
age,bulli school teacher
age,bulli high name school
age,bulli enough
age,bulli girl old
age,bulli fact
age,bulli first girl
age,bulli girl school that
age,bulli women
age,bulli famili
age,bulli high watch
age,bulli high well
age,bulli school video
age,bulli girl work
age,bulli high parent school
age,abus bulli school
age,bulli world
age,bulli im one school
age,bulli there
age,bulli school thank
age,bulli school watch
age,bulli littl school
age,anyth bulli school
age,bulli school stand
age,best bulli school
age,bulli school us
age,bulli find school
age,bulli ill school
age,around bulli school
age,bulli call like
age,bulli school well
age,bulli school today
age,bulli tweet
age,bulli support
age,bulli high littl
age,bulli child
age,bulli school wrong
age,bulli new school
age,bulli saw school
age,school support
age,bulli learn school
age,anoth bulli
age,bulli give school
age,high us
ethnicity,black call n***o peopl white
ethnicity,anyth black past white
ethnicity,anyth black like past
ethnicity,anyth black past peopl
ethnicity,call n***o racist white
ethnicity,anyth black dont past
ethnicity,color racism racist
ethnicity,first like one ur
ethnicity,anyth black past say
ethnicity,anyth get past
ethnicity,call man n***o white
ethnicity,anyth im past
ethnicity,color racism white
ethnicity,black call disgust n****r
ethnicity,color peopl racism
ethnicity,black disgust n****r peopl
ethnicity,black disgust n****r say
ethnicity,use word
ethnicity,first im ur
ethnicity,black color racism
ethnicity,black disgust n****r white
ethnicity,a*s dumb f**k mad n****r obama rt
ethnicity,a*s b***h dumb f**k n****r obama rt
ethnicity,im one ur
ethnicity,black f**k n****r peopl
ethnicity,love one
ethnicity,black color white
ethnicity,call like white
ethnicity,black man white
ethnicity,dumb f**k like n****r s**t
ethnicity,dont know
ethnicity,call say white
ethnicity,black call n****r peopl
ethnicity,black racism white
ethnicity,black racist white
ethnicity,black like peopl
ethnicity,like look
ethnicity,black peopl say
ethnicity,black dont white
ethnicity,black call racist
ethnicity,black one white
ethnicity,a*s dumb f**k hoe n****r
ethnicity,black dont peopl
ethnicity,a*s dumb f**k n****r yo
ethnicity,peopl us
ethnicity,call person
ethnicity,n****r peopl say
ethnicity,black call say
ethnicity,peopl word
ethnicity,black person
ethnicity,black say white
ethnicity,call word
ethnicity,black live
ethnicity,a*s dumb f**k n****r ugli
ethnicity,call use
ethnicity,black doesnt
ethnicity,call us
ethnicity,black like white
ethnicity,person white
ethnicity,hate peopl
ethnicity,n****r peopl white
ethnicity,b***h dumb f**k like n****r
ethnicity,black use
ethnicity,black word
ethnicity,b***h dumb f**k get n****r
ethnicity,use white
ethnicity,white word
ethnicity,black year
ethnicity,black thing
ethnicity,black ppl
ethnicity,anyth racist
ethnicity,peopl racist
ethnicity,a*s dumb f**k n****r n***a
ethnicity,go im
ethnicity,peopl think
ethnicity,us white
ethnicity,black mean
ethnicity,b***h dumb white
ethnicity,black never
ethnicity,racist say
ethnicity,a*s dumb f**k n****r yall
ethnicity,a*s dumb f**k n****r white
ethnicity,a*s black dumb f**k n****r
ethnicity,black dumb peopl
ethnicity,white would
ethnicity,a*s dumb f**k lol n****r
ethnicity,im say
ethnicity,black us
ethnicity,black would
ethnicity,color dont
ethnicity,know peopl
ethnicity,black even
ethnicity,b***h dumb f**k n****r s**t
ethnicity,amp black
ethnicity,amp white
ethnicity,dont get
ethnicity,amp call
ethnicity,black n****r racist
ethnicity,dumb f**k n****r name
ethnicity,dont say
ethnicity,f**k peopl white
ethnicity,a*s dumb f**k im n****r
ethnicity,a*s dumb f**k n****r s**t
ethnicity,dumb f**k k**l n****r
ethnicity,a*s dumb f**k go n****r
ethnicity,a*s dumb f**k n****r s****d
ethnicity,dumb even f**k n****r
ethnicity,dumb f**k ignor n****r
ethnicity,dumb f**k n****r us
ethnicity,a*s call dumb f**k n****r
ethnicity,a*s dumb f**k like n****r
ethnicity,dumb f**k n****r stop
ethnicity,dumb f**k oh
ethnicity,call n****r white
ethnicity,dont like
ethnicity,dumb f**k n****r talk
ethnicity,dumb f**k make n****r
ethnicity,dumb f**k n****r still
ethnicity,d**n dumb f**k n****r
ethnicity,dumb f**k n****r racist
ethnicity,dumb f**k n****r see
ethnicity,a*s dumb f**k get n****r
ethnicity,dumb f**k n****r shut
ethnicity,aint dumb f**k n****r
ethnicity,dumb f**k n****r want
ethnicity,dumb f**k f*t n****r
ethnicity,dumb f**k n****r realli
ethnicity,dumb f**k give n****r
ethnicity,dumb f**k n****r s**k
ethnicity,dumb f**k n****r would
ethnicity,back dumb f**k n****r
ethnicity,dumb f**k n****r right
ethnicity,dumb f**k know n****r
ethnicity,dumb f**k l**o n****r
ethnicity,dumb f**k got n****r
ethnicity,a*s dumb f**k say
ethnicity,a*s dont dumb f**k n****r
ethnicity,dumb f**k n****r ur
ethnicity,dumb f**k n****r say
ethnicity,dumb f**k n****r think
ethnicity,cant dumb f**k n****r
ethnicity,dumb f**k look n****r
ethnicity,black see
ethnicity,dumb f**k let n****r
ethnicity,dumb f**k n****r one
ethnicity,im like
ethnicity,dumb f**k n****r peopl
ethnicity,dumb f**k n****r that
ethnicity,color ur
ethnicity,dumb f**k mean n****r
ethnicity,dumb f**k n****r said
ethnicity,dumb f**k tri
ethnicity,dumb f**k n****r your
ethnicity,dont im
ethnicity,dumb f**k hate n****r
ethnicity,black want
ethnicity,dumb f**k n****r word
ethnicity,black that
ethnicity,dumb f**k man n****r
ethnicity,dumb f**k need
ethnicity,amp dumb f**k n****r
ethnicity,dont racism
ethnicity,s**t say
ethnicity,black think
ethnicity,black said
ethnicity,black make
ethnicity,a*s dumb peopl
ethnicity,dumb n****r need
ethnicity,f**k girl n****r
ethnicity,black hate
ethnicity,black still
ethnicity,f**k n****r need
ethnicity,black your
ethnicity,black im n****r
ethnicity,like say
ethnicity,a*s n****r peopl
ethnicity,black cant
ethnicity,f**k n****r tri
ethnicity,b***h black n****r
ethnicity,color like
ethnicity,a*s n****r say
ethnicity,black n****r rt
ethnicity,color one
ethnicity,black know
ethnicity,dont first
ethnicity,f**k sound
ethnicity,black yall
ethnicity,racism ur
ethnicity,know white
ethnicity,im peopl
ethnicity,dont one
ethnicity,one racism
ethnicity,get im
ethnicity,black like n****r
ethnicity,black dont n****r
ethnicity,dont ur
ethnicity,call im
ethnicity,black f**k white
ethnicity,get peopl
ethnicity,black get
ethnicity,black look
ethnicity,call get
ethnicity,like racism
ethnicity,black go
ethnicity,one say
ethnicity,call dont
ethnicity,face n****r
ethnicity,get one
ethnicity,n****r oh
ethnicity,say ur
ethnicity,get like
ethnicity,im white
ethnicity,call color
ethnicity,b***h im
ethnicity,f**k real
ethnicity,dumb girl
ethnicity,get white
ethnicity,guy n****r
ethnicity,n****r real
ethnicity,call racism
ethnicity,one peopl
ethnicity,f**k hes
ethnicity,hes n****r
ethnicity,n****r someon
ethnicity,call one
ethnicity,n****r use
ethnicity,n****r way
ethnicity,live n****r
ethnicity,love n****r
ethnicity,n****r never
ethnicity,n****r person
ethnicity,ur white
ethnicity,n****r time
ethnicity,black first
ethnicity,n****r racism
gender,g*y insult joke r**e use
gender,kat mkr
gender,b***h call dog femal
gender,femal im rt sexist
gender,b***h call f**k femal
gender,b***h call femal women
gender,im rt sexist women
gender,b***h call femal say
gender,b***h call femal like
gender,b***h call dont femal
gender,arent funni
gender,use word
gender,b***h call femal im
gender,call rt sexist
gender,call femal male
gender,date g*y joke make r**e
gender,call femal men
gender,dont g*y joke like r**e
gender,g*y joke peopl r**e use
gender,men women
gender,g*y peopl r**e think
gender,dont g*y joke peopl r**e
gender,joke peopl r**e think
gender,g*y joke like peopl r**e
gender,dont know
gender,g*y joke make peopl r**e
gender,sexist woman
gender,g*y joke make r**e use
gender,g*y joke make r**e say
gender,funni g*y joke peopl r**e
gender,girl sexist
gender,joke peopl say
gender,rt woman
gender,g*y joke like make r**e
gender,dont g*y joke make r**e
gender,bad g*y joke r**e
gender,arent g*y joke r**e
gender,g*y joke r**e time
gender,g*y joke r**e watch
gender,g*y joke made r**e
gender,g*y joke prison r**e
gender,g*y joke know r**e
gender,g*y joke r**e s*x
gender,g*y joke laugh r**e
gender,g*y joke r**e year
gender,fun g*y joke r**e
gender,g*y joke r**e tell
gender,black g*y joke r**e
gender,g*y joke r**e thing
gender,g*y joke okay r**e
gender,everyon g*y joke r**e
gender,f**k g*y joke r**e
gender,g*y joke r**e that
gender,g*y guy joke r**e
gender,g*y joke r**e word
gender,g*y isnt joke r**e
gender,g*y joke r**e realli
gender,g*y joke r**e talk
gender,g*y joke r**e still
gender,g*y joke ok r**e
gender,g*y joke need r**e
gender,g*y joke love r**e
gender,g*y good joke r**e
gender,g*y r**e tweet
gender,g*y joke r**e s**t
gender,call g*y joke r**e
gender,g*y joke r**e see
gender,g*y joke r**e your
gender,g*y joke much r**e
gender,g*y joke r**e said
gender,g*y joke r**e take
gender,g*y got joke r**e
gender,g*y joke man r**e
gender,doesnt g*y joke r**e
gender,joke r**e show
gender,g*y r**e show
gender,g*y joke never r**e
gender,also g*y joke r**e
gender,g*y im joke r**e
gender,g*y go joke r**e
gender,g*y joke one r**e
gender,g*y girl joke r**e
gender,etc g*y joke r**e
gender,g*y joke men r**e
gender,g*y joke r**e way
gender,g*y joke r**e stop
gender,g*y person r**e
gender,even g*y joke r**e
gender,g*y joke r**e right
gender,g*y hate joke r**e
gender,girl rt
gender,cant g*y joke r**e
gender,g*y joke r**e racist
gender,g*y joke r**e think
gender,g*y joke r**e women
gender,g*y joke r**e someon
gender,better g*y joke
gender,g*y get joke r**e
gender,come g*y joke r**e
gender,boy g*y joke r**e
gender,amp g*y joke r**e
gender,g*y joke k**l r**e
gender,g*y hes joke r**e
gender,g*y joke r**e white
gender,g*y joke r**e would
gender,g*y r**e sexist
gender,g*y joke r**e victim
gender,g*y joke r**e want
gender,funni joke make r**e
gender,friend g*y joke r**e
gender,g*y r**e tri
gender,g*y joke mean
gender,g*y mean r**e
gender,g*y joke tri
gender,dont say
gender,joke r**e tri
gender,funni g*y make
gender,like say
gender,dont think
gender,dont men
gender,girl im
gender,call one
gender,call man
gender,dont get
gender,men sexist
gender,get peopl
gender,g*y someth
gender,call use
gender,dont women
gender,get like
gender,dont sexist
gender,femal think
gender,give r**e
gender,b***h get
gender,dont im
gender,joke theyr
gender,im like
gender,actual joke
gender,find r**e
gender,im say
gender,call get
gender,r**e theyr
gender,joke person
gender,call think
gender,make think
gender,make men
gender,dont rt
gender,get make
gender,men rt
gender,like women
gender,peopl women
gender,mkr rt
gender,male r**e
gender,call peopl
gender,im make
gender,make women
gender,like rt
other_cyberbullying,bulli lol
other_cyberbullying,dont know
other_cyberbullying,f**k rt
other_cyberbullying,go im
other_cyberbullying,bulli get
other_cyberbullying,bulli im
religion,isi k**l quran terrorist
religion,isi like quran terrorist
religion,human jihad k**l terrorist
religion,isi muslim quran terrorist
religion,isi islam quran terrorist
religion,human jihad muslim terrorist
religion,human islam jihad terrorist
religion,christian radic support trump
religion,christian radic right support
religion,christian im right woman
religion,christian g*d right woman
religion,christian right say woman
religion,christian good right woman
religion,amp christian radic support
religion,christian peopl radic support
religion,christian like right woman
religion,christian islam radic support
religion,christian dont radic support
religion,christian like radic support
religion,christian muslim radic support
religion,islam terror ur
religion,quran read
religion,india islam terror
religion,islam terror world
religion,islam terror us
religion,islam radic terror
religion,dont idiot know muslim
religion,islam say terror
religion,dont islam terror
religion,islam know terror
religion,islam k**l terror
religion,islam peopl terror
religion,islam like terror
religion,christian know right
religion,christian peopl right
religion,group terrorist
religion,islam terror terrorist
religion,islam k**l terrorist
religion,k**l muslim terrorist
religion,idiot like muslim peopl
religion,islam muslim terror
religion,like look
religion,christian dont right
religion,name terrorist
religion,dont idiot muslim peopl
religion,idiot muslim your
religion,f**k idiot muslim
religion,idiot muslim racist
religion,dont idiot like muslim
religion,idiot im muslim
religion,didnt idiot muslim
religion,back idiot muslim
religion,idiot muslim think
religion,black idiot muslim
religion,go idiot muslim
religion,idiot muslim well
religion,idiot keep muslim
religion,idiot muslim way
religion,idiot let muslim
religion,idiot make muslim
religion,happen idiot muslim
religion,idiot muslim white
religion,idiot muslim problem
religion,idiot muslim take
religion,attack terrorist
religion,come idiot muslim
religion,idiot muslim realli
religion,get idiot muslim
religion,ask idiot muslim
religion,idiot muslim talk
religion,idiot muslim said
religion,alway idiot muslim
religion,cant idiot muslim
religion,idiot muslim see
religion,believ idiot muslim
religion,guy idiot muslim
religion,idiot muslim that
religion,idiot muslim thing
religion,idiot muslim need
religion,even idiot muslim
religion,idiot muslim wrong
religion,give idiot muslim
religion,communiti idiot muslim
religion,idiot indian muslim
religion,fact idiot muslim
religion,idiot much muslim
religion,countri idiot muslim
religion,call idiot muslim
religion,idiot muslim would
religion,idiot muslim tell
religion,idiot muslim understand
religion,even know
religion,idiot look muslim
religion,hate idiot muslim
religion,idiot muslim time
religion,idiot muslim noth
religion,idiot muslim use
religion,idiot muslim stop
religion,idiot india muslim
religion,hindu idiot muslim
religion,idiot muslim say
religion,idiot muslim year
religion,also idiot muslim
religion,american christian
religion,idiot muslim one
religion,idiot muslim still
religion,idiot muslim want
religion,right trump
religion,idiot mani muslim
religion,idiot muslim us
religion,good idiot muslim
religion,idiot muslim pakistan
religion,idiot live muslim
religion,islam muslim quran
religion,idiot mean muslim
religion,idiot muslim show
religion,idiot love muslim
religion,doesnt idiot muslim
religion,idiot muslim name
religion,hindus idiot muslim
religion,everi idiot muslim
religion,idiot muslim tri
religion,idiot muslim speak
religion,idiot muslim world
religion,idiot muslim terrorist
religion,idiot k**l muslim
religion,human world
religion,idiot muslim read
religion,love right
religion,idiot muslim right
religion,idiot muslim support
religion,idiot muslim religion
religion,idiot muslim never
religion,idiot muslim women
religion,amp idiot muslim
religion,terrorist world
religion,christian idiot muslim
religion,christian love
religion,idiot islam muslim
religion,k**l peopl
religion,christian white
religion,christian jew
religion,right that
religion,dont even
religion,idiot tweet
religion,dont go
religion,muslim peopl terrorist
religion,islam know muslim
religion,support would
religion,dont muslim say
religion,call terrorist
religion,radic us
religion,dont think
religion,quran say
religion,dont want
religion,peopl think
religion,christian would
religion,amp terrorist
religion,islam muslim terrorist
religion,islam pakistan
religion,get peopl
religion,one say
religion,islam religion
religion,dont get
religion,like make
religion,christian thing
religion,muslim tweet
religion,one peopl
religion,religion terror
religion,countri dont
religion,right your
religion,support us
religion,go right
religion,believ christian
religion,peopl say
religion,christian that
religion,dont islam muslim
religion,know say
religion,religion terrorist
religion,make right
religion,peopl religion
religion,law muslim
religion,countri peopl
religion,islam never
religion,muslim s****d
religion,amp terror
religion,countri terror
religion,differ muslim
religion,done muslim
religion,like say
religion,christian take
religion,first idiot
religion,amp like
religion,know like
religion,muslim start
religion,know peopl
religion,anyth muslim
religion,countri like
religion,jihad terror
religion,bad muslim
religion,america muslim
religion,christian need
religion,peopl quran
religion,get right
religion,isi peopl
religion,day muslim
religion,christian us
religion,muslim yes
religion,right want
religion,like think
religion,care muslim
religion,christian your
religion,christian time
religion,muslim r**e
religion,muslim state
religion,christian hate
religion,right think
religion,islam like muslim
religion,human terror
religion,islam stop
religion,k**l like
religion,dont k**l
religion,one terrorist
religion,muslim person
religion,first muslim
religion,hindus islam
religion,human peopl
religion,isi terror
religion,muslim whole
religion,jew muslim
religion,muslim word
religion,know radic
religion,man muslim
religion,countri terrorist
religion,attack muslim
religion,say terrorist
religion,christian make
religion,muslim nation
religion,call islam
religion,christian one
religion,amp islam
religion,amp right
religion,human right
religion,like one
religion,one terror
religion,know support
religion,one right
religion,dont terrorist
religion,christian go
religion,countri islam
religion,islam want
religion,also islam
religion,call christian
religion,islam one
religion,muslim must
religion,christian get
religion,islam time
religion,follow muslim
religion,islam use
religion,m****r muslim
religion,hate islam
religion,christian even
religion,christian want
religion,support terrorist
religion,know terrorist
religion,christian think
religion,go islam
religion,even islam
religion,group muslim
religion,g*d idiot
religion,islam think
religion,christian religion
religion,radic terrorist
religion,support terror
religion,g*d muslim
religion,muslim ur
religion,christian k**l
religion,christian human
